--
-- PostgreSQL database dump
--

-- Dumped from database version 14.17 (Homebrew)
-- Dumped by pg_dump version 14.17 (Homebrew)

-- Started on 2025-07-08 13:57:19 CEST

SET statement_timeout = 0;
SET lock_timeout = 0;
SET idle_in_transaction_session_timeout = 0;
SET client_encoding = 'UTF8';
SET standard_conforming_strings = on;
SELECT pg_catalog.set_config('search_path', '', false);
SET check_function_bodies = false;
SET xmloption = content;
SET client_min_messages = warning;
SET row_security = off;

SET default_tablespace = '';

SET default_table_access_method = heap;

--
-- TOC entry 216 (class 1259 OID 28123)
-- Name: auth_group; Type: TABLE; Schema: public; Owner: poker_lounge_database
--

CREATE TABLE public.auth_group (
    id integer NOT NULL,
    name character varying(150) NOT NULL
);


ALTER TABLE public.auth_group OWNER TO poker_lounge_database;

--
-- TOC entry 215 (class 1259 OID 28122)
-- Name: auth_group_id_seq; Type: SEQUENCE; Schema: public; Owner: poker_lounge_database
--

ALTER TABLE public.auth_group ALTER COLUMN id ADD GENERATED BY DEFAULT AS IDENTITY (
    SEQUENCE NAME public.auth_group_id_seq
    START WITH 1
    INCREMENT BY 1
    NO MINVALUE
    NO MAXVALUE
    CACHE 1
);


--
-- TOC entry 218 (class 1259 OID 28131)
-- Name: auth_group_permissions; Type: TABLE; Schema: public; Owner: poker_lounge_database
--

CREATE TABLE public.auth_group_permissions (
    id bigint NOT NULL,
    group_id integer NOT NULL,
    permission_id integer NOT NULL
);


ALTER TABLE public.auth_group_permissions OWNER TO poker_lounge_database;

--
-- TOC entry 217 (class 1259 OID 28130)
-- Name: auth_group_permissions_id_seq; Type: SEQUENCE; Schema: public; Owner: poker_lounge_database
--

ALTER TABLE public.auth_group_permissions ALTER COLUMN id ADD GENERATED BY DEFAULT AS IDENTITY (
    SEQUENCE NAME public.auth_group_permissions_id_seq
    START WITH 1
    INCREMENT BY 1
    NO MINVALUE
    NO MAXVALUE
    CACHE 1
);


--
-- TOC entry 214 (class 1259 OID 28117)
-- Name: auth_permission; Type: TABLE; Schema: public; Owner: poker_lounge_database
--

CREATE TABLE public.auth_permission (
    id integer NOT NULL,
    name character varying(255) NOT NULL,
    content_type_id integer NOT NULL,
    codename character varying(100) NOT NULL
);


ALTER TABLE public.auth_permission OWNER TO poker_lounge_database;

--
-- TOC entry 213 (class 1259 OID 28116)
-- Name: auth_permission_id_seq; Type: SEQUENCE; Schema: public; Owner: poker_lounge_database
--

ALTER TABLE public.auth_permission ALTER COLUMN id ADD GENERATED BY DEFAULT AS IDENTITY (
    SEQUENCE NAME public.auth_permission_id_seq
    START WITH 1
    INCREMENT BY 1
    NO MINVALUE
    NO MAXVALUE
    CACHE 1
);


--
-- TOC entry 220 (class 1259 OID 28137)
-- Name: auth_user; Type: TABLE; Schema: public; Owner: poker_lounge_database
--

CREATE TABLE public.auth_user (
    id integer NOT NULL,
    password character varying(128) NOT NULL,
    last_login timestamp with time zone,
    is_superuser boolean NOT NULL,
    username character varying(150) NOT NULL,
    first_name character varying(150) NOT NULL,
    last_name character varying(150) NOT NULL,
    email character varying(254) NOT NULL,
    is_staff boolean NOT NULL,
    is_active boolean NOT NULL,
    date_joined timestamp with time zone NOT NULL
);


ALTER TABLE public.auth_user OWNER TO poker_lounge_database;

--
-- TOC entry 222 (class 1259 OID 28145)
-- Name: auth_user_groups; Type: TABLE; Schema: public; Owner: poker_lounge_database
--

CREATE TABLE public.auth_user_groups (
    id bigint NOT NULL,
    user_id integer NOT NULL,
    group_id integer NOT NULL
);


ALTER TABLE public.auth_user_groups OWNER TO poker_lounge_database;

--
-- TOC entry 221 (class 1259 OID 28144)
-- Name: auth_user_groups_id_seq; Type: SEQUENCE; Schema: public; Owner: poker_lounge_database
--

ALTER TABLE public.auth_user_groups ALTER COLUMN id ADD GENERATED BY DEFAULT AS IDENTITY (
    SEQUENCE NAME public.auth_user_groups_id_seq
    START WITH 1
    INCREMENT BY 1
    NO MINVALUE
    NO MAXVALUE
    CACHE 1
);


--
-- TOC entry 219 (class 1259 OID 28136)
-- Name: auth_user_id_seq; Type: SEQUENCE; Schema: public; Owner: poker_lounge_database
--

ALTER TABLE public.auth_user ALTER COLUMN id ADD GENERATED BY DEFAULT AS IDENTITY (
    SEQUENCE NAME public.auth_user_id_seq
    START WITH 1
    INCREMENT BY 1
    NO MINVALUE
    NO MAXVALUE
    CACHE 1
);


--
-- TOC entry 224 (class 1259 OID 28151)
-- Name: auth_user_user_permissions; Type: TABLE; Schema: public; Owner: poker_lounge_database
--

CREATE TABLE public.auth_user_user_permissions (
    id bigint NOT NULL,
    user_id integer NOT NULL,
    permission_id integer NOT NULL
);


ALTER TABLE public.auth_user_user_permissions OWNER TO poker_lounge_database;

--
-- TOC entry 223 (class 1259 OID 28150)
-- Name: auth_user_user_permissions_id_seq; Type: SEQUENCE; Schema: public; Owner: poker_lounge_database
--

ALTER TABLE public.auth_user_user_permissions ALTER COLUMN id ADD GENERATED BY DEFAULT AS IDENTITY (
    SEQUENCE NAME public.auth_user_user_permissions_id_seq
    START WITH 1
    INCREMENT BY 1
    NO MINVALUE
    NO MAXVALUE
    CACHE 1
);


--
-- TOC entry 239 (class 1259 OID 28833)
-- Name: bookings_bookingmodel; Type: TABLE; Schema: public; Owner: poker_lounge_database
--

CREATE TABLE public.bookings_bookingmodel (
    id bigint NOT NULL,
    start_time time without time zone NOT NULL,
    total_people integer NOT NULL,
    hours_booked integer NOT NULL,
    total_amount numeric(10,2),
    deposit_amount numeric(10,2) NOT NULL,
    is_cancelled boolean NOT NULL,
    is_active boolean NOT NULL,
    is_delete boolean NOT NULL,
    created_at timestamp with time zone NOT NULL,
    updated_at timestamp with time zone NOT NULL,
    customer_id bigint NOT NULL,
    CONSTRAINT bookings_bookingmodel_hours_booked_check CHECK ((hours_booked >= 0)),
    CONSTRAINT bookings_bookingmodel_total_people_check CHECK ((total_people >= 0))
);


ALTER TABLE public.bookings_bookingmodel OWNER TO poker_lounge_database;

--
-- TOC entry 241 (class 1259 OID 28841)
-- Name: bookings_bookingmodel_drinks; Type: TABLE; Schema: public; Owner: poker_lounge_database
--

CREATE TABLE public.bookings_bookingmodel_drinks (
    id bigint NOT NULL,
    bookingmodel_id bigint NOT NULL,
    drinkmodel_id bigint NOT NULL
);


ALTER TABLE public.bookings_bookingmodel_drinks OWNER TO poker_lounge_database;

--
-- TOC entry 240 (class 1259 OID 28840)
-- Name: bookings_bookingmodel_drinks_id_seq; Type: SEQUENCE; Schema: public; Owner: poker_lounge_database
--

ALTER TABLE public.bookings_bookingmodel_drinks ALTER COLUMN id ADD GENERATED BY DEFAULT AS IDENTITY (
    SEQUENCE NAME public.bookings_bookingmodel_drinks_id_seq
    START WITH 1
    INCREMENT BY 1
    NO MINVALUE
    NO MAXVALUE
    CACHE 1
);


--
-- TOC entry 238 (class 1259 OID 28832)
-- Name: bookings_bookingmodel_id_seq; Type: SEQUENCE; Schema: public; Owner: poker_lounge_database
--

ALTER TABLE public.bookings_bookingmodel ALTER COLUMN id ADD GENERATED BY DEFAULT AS IDENTITY (
    SEQUENCE NAME public.bookings_bookingmodel_id_seq
    START WITH 1
    INCREMENT BY 1
    NO MINVALUE
    NO MAXVALUE
    CACHE 1
);


--
-- TOC entry 237 (class 1259 OID 28827)
-- Name: bookings_unavailabletimeslotmodel; Type: TABLE; Schema: public; Owner: poker_lounge_database
--

CREATE TABLE public.bookings_unavailabletimeslotmodel (
    id bigint NOT NULL,
    date date NOT NULL,
    start_time time without time zone NOT NULL,
    end_time time without time zone NOT NULL
);


ALTER TABLE public.bookings_unavailabletimeslotmodel OWNER TO poker_lounge_database;

--
-- TOC entry 236 (class 1259 OID 28826)
-- Name: bookings_unavailabletimeslotmodel_id_seq; Type: SEQUENCE; Schema: public; Owner: poker_lounge_database
--

ALTER TABLE public.bookings_unavailabletimeslotmodel ALTER COLUMN id ADD GENERATED BY DEFAULT AS IDENTITY (
    SEQUENCE NAME public.bookings_unavailabletimeslotmodel_id_seq
    START WITH 1
    INCREMENT BY 1
    NO MINVALUE
    NO MAXVALUE
    CACHE 1
);


--
-- TOC entry 229 (class 1259 OID 28324)
-- Name: customers_customermodel; Type: TABLE; Schema: public; Owner: poker_lounge_database
--

CREATE TABLE public.customers_customermodel (
    id bigint NOT NULL,
    first_name character varying(255) NOT NULL,
    last_name character varying(255) NOT NULL,
    email_id character varying(254) NOT NULL,
    phone_number character varying(15) NOT NULL,
    is_active boolean NOT NULL,
    is_deleted boolean NOT NULL,
    created_at timestamp with time zone NOT NULL,
    updated_at timestamp with time zone NOT NULL,
    is_email_verified boolean NOT NULL,
    password character varying(128) NOT NULL,
    is_phone_verified boolean NOT NULL,
    last_login timestamp with time zone,
    braintree_customer_id character varying(50)
);


ALTER TABLE public.customers_customermodel OWNER TO poker_lounge_database;

--
-- TOC entry 228 (class 1259 OID 28323)
-- Name: customers_customermodel_id_seq; Type: SEQUENCE; Schema: public; Owner: poker_lounge_database
--

ALTER TABLE public.customers_customermodel ALTER COLUMN id ADD GENERATED BY DEFAULT AS IDENTITY (
    SEQUENCE NAME public.customers_customermodel_id_seq
    START WITH 1
    INCREMENT BY 1
    NO MINVALUE
    NO MAXVALUE
    CACHE 1
);


--
-- TOC entry 231 (class 1259 OID 28336)
-- Name: customers_otpmodel; Type: TABLE; Schema: public; Owner: poker_lounge_database
--

CREATE TABLE public.customers_otpmodel (
    id bigint NOT NULL,
    otp character varying(6) NOT NULL,
    created_at timestamp with time zone NOT NULL,
    is_verified boolean NOT NULL,
    otp_type character varying(5) NOT NULL,
    email_id character varying(254),
    phone_number character varying(15)
);


ALTER TABLE public.customers_otpmodel OWNER TO poker_lounge_database;

--
-- TOC entry 230 (class 1259 OID 28335)
-- Name: customers_otpmodel_id_seq; Type: SEQUENCE; Schema: public; Owner: poker_lounge_database
--

ALTER TABLE public.customers_otpmodel ALTER COLUMN id ADD GENERATED BY DEFAULT AS IDENTITY (
    SEQUENCE NAME public.customers_otpmodel_id_seq
    START WITH 1
    INCREMENT BY 1
    NO MINVALUE
    NO MAXVALUE
    CACHE 1
);


--
-- TOC entry 226 (class 1259 OID 28209)
-- Name: django_admin_log; Type: TABLE; Schema: public; Owner: poker_lounge_database
--

CREATE TABLE public.django_admin_log (
    id integer NOT NULL,
    action_time timestamp with time zone NOT NULL,
    object_id text,
    object_repr character varying(200) NOT NULL,
    action_flag smallint NOT NULL,
    change_message text NOT NULL,
    content_type_id integer,
    user_id integer NOT NULL,
    CONSTRAINT django_admin_log_action_flag_check CHECK ((action_flag >= 0))
);


ALTER TABLE public.django_admin_log OWNER TO poker_lounge_database;

--
-- TOC entry 225 (class 1259 OID 28208)
-- Name: django_admin_log_id_seq; Type: SEQUENCE; Schema: public; Owner: poker_lounge_database
--

ALTER TABLE public.django_admin_log ALTER COLUMN id ADD GENERATED BY DEFAULT AS IDENTITY (
    SEQUENCE NAME public.django_admin_log_id_seq
    START WITH 1
    INCREMENT BY 1
    NO MINVALUE
    NO MAXVALUE
    CACHE 1
);


--
-- TOC entry 212 (class 1259 OID 28109)
-- Name: django_content_type; Type: TABLE; Schema: public; Owner: poker_lounge_database
--

CREATE TABLE public.django_content_type (
    id integer NOT NULL,
    app_label character varying(100) NOT NULL,
    model character varying(100) NOT NULL
);


ALTER TABLE public.django_content_type OWNER TO poker_lounge_database;

--
-- TOC entry 211 (class 1259 OID 28108)
-- Name: django_content_type_id_seq; Type: SEQUENCE; Schema: public; Owner: poker_lounge_database
--

ALTER TABLE public.django_content_type ALTER COLUMN id ADD GENERATED BY DEFAULT AS IDENTITY (
    SEQUENCE NAME public.django_content_type_id_seq
    START WITH 1
    INCREMENT BY 1
    NO MINVALUE
    NO MAXVALUE
    CACHE 1
);


--
-- TOC entry 210 (class 1259 OID 28101)
-- Name: django_migrations; Type: TABLE; Schema: public; Owner: poker_lounge_database
--

CREATE TABLE public.django_migrations (
    id bigint NOT NULL,
    app character varying(255) NOT NULL,
    name character varying(255) NOT NULL,
    applied timestamp with time zone NOT NULL
);


ALTER TABLE public.django_migrations OWNER TO poker_lounge_database;

--
-- TOC entry 209 (class 1259 OID 28100)
-- Name: django_migrations_id_seq; Type: SEQUENCE; Schema: public; Owner: poker_lounge_database
--

ALTER TABLE public.django_migrations ALTER COLUMN id ADD GENERATED BY DEFAULT AS IDENTITY (
    SEQUENCE NAME public.django_migrations_id_seq
    START WITH 1
    INCREMENT BY 1
    NO MINVALUE
    NO MAXVALUE
    CACHE 1
);


--
-- TOC entry 227 (class 1259 OID 28237)
-- Name: django_session; Type: TABLE; Schema: public; Owner: poker_lounge_database
--

CREATE TABLE public.django_session (
    session_key character varying(40) NOT NULL,
    session_data text NOT NULL,
    expire_date timestamp with time zone NOT NULL
);


ALTER TABLE public.django_session OWNER TO poker_lounge_database;

--
-- TOC entry 233 (class 1259 OID 28678)
-- Name: menu_drinkmodel; Type: TABLE; Schema: public; Owner: poker_lounge_database
--

CREATE TABLE public.menu_drinkmodel (
    id bigint NOT NULL,
    name character varying(255) NOT NULL,
    price numeric(10,2) NOT NULL,
    is_active boolean NOT NULL,
    is_delete boolean NOT NULL,
    created_at timestamp with time zone NOT NULL,
    updated_at timestamp with time zone NOT NULL
);


ALTER TABLE public.menu_drinkmodel OWNER TO poker_lounge_database;

--
-- TOC entry 232 (class 1259 OID 28677)
-- Name: menu_drinkmodel_id_seq; Type: SEQUENCE; Schema: public; Owner: poker_lounge_database
--

ALTER TABLE public.menu_drinkmodel ALTER COLUMN id ADD GENERATED BY DEFAULT AS IDENTITY (
    SEQUENCE NAME public.menu_drinkmodel_id_seq
    START WITH 1
    INCREMENT BY 1
    NO MINVALUE
    NO MAXVALUE
    CACHE 1
);


--
-- TOC entry 235 (class 1259 OID 28718)
-- Name: payments_customerpaymentmodel; Type: TABLE; Schema: public; Owner: poker_lounge_database
--

CREATE TABLE public.payments_customerpaymentmodel (
    id bigint NOT NULL,
    amount numeric(10,2) NOT NULL,
    paid_at timestamp with time zone NOT NULL,
    transaction_id character varying(255),
    status character varying(50) NOT NULL,
    payment_method character varying(50),
    is_active boolean NOT NULL,
    is_deleted boolean NOT NULL,
    created_at timestamp with time zone NOT NULL,
    deleted_at timestamp with time zone,
    customer_id bigint NOT NULL
);


ALTER TABLE public.payments_customerpaymentmodel OWNER TO poker_lounge_database;

--
-- TOC entry 234 (class 1259 OID 28717)
-- Name: payments_customerpaymentmodel_id_seq; Type: SEQUENCE; Schema: public; Owner: poker_lounge_database
--

ALTER TABLE public.payments_customerpaymentmodel ALTER COLUMN id ADD GENERATED BY DEFAULT AS IDENTITY (
    SEQUENCE NAME public.payments_customerpaymentmodel_id_seq
    START WITH 1
    INCREMENT BY 1
    NO MINVALUE
    NO MAXVALUE
    CACHE 1
);


--
-- TOC entry 3812 (class 0 OID 28123)
-- Dependencies: 216
-- Data for Name: auth_group; Type: TABLE DATA; Schema: public; Owner: poker_lounge_database
--

COPY public.auth_group (id, name) FROM stdin;
\.


--
-- TOC entry 3814 (class 0 OID 28131)
-- Dependencies: 218
-- Data for Name: auth_group_permissions; Type: TABLE DATA; Schema: public; Owner: poker_lounge_database
--

COPY public.auth_group_permissions (id, group_id, permission_id) FROM stdin;
\.


--
-- TOC entry 3810 (class 0 OID 28117)
-- Dependencies: 214
-- Data for Name: auth_permission; Type: TABLE DATA; Schema: public; Owner: poker_lounge_database
--

COPY public.auth_permission (id, name, content_type_id, codename) FROM stdin;
1	Can add log entry	1	add_logentry
2	Can change log entry	1	change_logentry
3	Can delete log entry	1	delete_logentry
4	Can view log entry	1	view_logentry
5	Can add permission	2	add_permission
6	Can change permission	2	change_permission
7	Can delete permission	2	delete_permission
8	Can view permission	2	view_permission
9	Can add group	3	add_group
10	Can change group	3	change_group
11	Can delete group	3	delete_group
12	Can view group	3	view_group
13	Can add user	4	add_user
14	Can change user	4	change_user
15	Can delete user	4	delete_user
16	Can view user	4	view_user
17	Can add content type	5	add_contenttype
18	Can change content type	5	change_contenttype
19	Can delete content type	5	delete_contenttype
20	Can view content type	5	view_contenttype
21	Can add session	6	add_session
22	Can change session	6	change_session
23	Can delete session	6	delete_session
24	Can view session	6	view_session
25	Can add customer model	7	add_customermodel
26	Can change customer model	7	change_customermodel
27	Can delete customer model	7	delete_customermodel
28	Can view customer model	7	view_customermodel
29	Can add otp model	8	add_otpmodel
30	Can change otp model	8	change_otpmodel
31	Can delete otp model	8	delete_otpmodel
32	Can view otp model	8	view_otpmodel
33	Can add drink model	9	add_drinkmodel
34	Can change drink model	9	change_drinkmodel
35	Can delete drink model	9	delete_drinkmodel
36	Can view drink model	9	view_drinkmodel
37	Can add booking model	10	add_bookingmodel
38	Can change booking model	10	change_bookingmodel
39	Can delete booking model	10	delete_bookingmodel
40	Can view booking model	10	view_bookingmodel
41	Can add customer payment model	11	add_customerpaymentmodel
42	Can change customer payment model	11	change_customerpaymentmodel
43	Can delete customer payment model	11	delete_customerpaymentmodel
44	Can view customer payment model	11	view_customerpaymentmodel
45	Can add unavailable time slot model	12	add_unavailabletimeslotmodel
46	Can change unavailable time slot model	12	change_unavailabletimeslotmodel
47	Can delete unavailable time slot model	12	delete_unavailabletimeslotmodel
48	Can view unavailable time slot model	12	view_unavailabletimeslotmodel
\.


--
-- TOC entry 3816 (class 0 OID 28137)
-- Dependencies: 220
-- Data for Name: auth_user; Type: TABLE DATA; Schema: public; Owner: poker_lounge_database
--

COPY public.auth_user (id, password, last_login, is_superuser, username, first_name, last_name, email, is_staff, is_active, date_joined) FROM stdin;
1	pbkdf2_sha256$600000$DE9YTIo6CcxfQD8Du6mvYY$7ulBTecdwRUTTKo4SiZdCy+1XGO7Wod+iilLZ7UmWvM=	2025-06-05 14:38:52.783485+02	t	poker_lounge_database				t	t	2025-02-10 15:26:53.086158+01
\.


--
-- TOC entry 3818 (class 0 OID 28145)
-- Dependencies: 222
-- Data for Name: auth_user_groups; Type: TABLE DATA; Schema: public; Owner: poker_lounge_database
--

COPY public.auth_user_groups (id, user_id, group_id) FROM stdin;
\.


--
-- TOC entry 3820 (class 0 OID 28151)
-- Dependencies: 224
-- Data for Name: auth_user_user_permissions; Type: TABLE DATA; Schema: public; Owner: poker_lounge_database
--

COPY public.auth_user_user_permissions (id, user_id, permission_id) FROM stdin;
\.


--
-- TOC entry 3835 (class 0 OID 28833)
-- Dependencies: 239
-- Data for Name: bookings_bookingmodel; Type: TABLE DATA; Schema: public; Owner: poker_lounge_database
--

COPY public.bookings_bookingmodel (id, start_time, total_people, hours_booked, total_amount, deposit_amount, is_cancelled, is_active, is_delete, created_at, updated_at, customer_id) FROM stdin;
9	11:00:00	4	4	32.00	9.60	f	t	f	2025-04-15 10:09:47.639493+02	2025-04-15 10:09:47.639502+02	8
10	15:00:00	9	7	126.00	37.80	f	t	f	2025-04-15 10:13:46.152862+02	2025-04-15 10:13:46.152883+02	8
11	23:00:00	9	1	18.00	5.40	f	t	f	2025-04-15 10:14:24.818426+02	2025-04-15 10:14:24.818448+02	8
17	22:00:00	3	1	6.00	1.80	f	t	f	2025-04-15 12:42:13.516832+02	2025-04-15 12:42:14.486309+02	8
18	21:00:00	4	2	16.00	4.80	t	f	f	2025-04-16 09:34:05.140259+02	2025-04-16 09:35:31.287791+02	8
19	02:00:00	2	5	20.00	6.00	f	f	f	2025-04-16 09:52:08.500297+02	2025-04-16 09:52:08.500325+02	8
20	02:00:00	2	5	20.00	6.00	f	f	f	2025-04-16 09:52:16.140863+02	2025-04-16 09:52:16.14089+02	8
21	02:00:00	2	5	20.00	6.00	f	f	f	2025-04-16 09:52:22.115103+02	2025-04-16 09:52:22.115132+02	8
\.


--
-- TOC entry 3837 (class 0 OID 28841)
-- Dependencies: 241
-- Data for Name: bookings_bookingmodel_drinks; Type: TABLE DATA; Schema: public; Owner: poker_lounge_database
--

COPY public.bookings_bookingmodel_drinks (id, bookingmodel_id, drinkmodel_id) FROM stdin;
9	9	1
10	10	1
11	11	1
12	17	1
13	18	1
\.


--
-- TOC entry 3833 (class 0 OID 28827)
-- Dependencies: 237
-- Data for Name: bookings_unavailabletimeslotmodel; Type: TABLE DATA; Schema: public; Owner: poker_lounge_database
--

COPY public.bookings_unavailabletimeslotmodel (id, date, start_time, end_time) FROM stdin;
1	2025-03-05	12:00:00	14:00:00
2	2025-03-05	18:00:00	21:00:00
3	2025-04-10	15:00:00	18:00:00
\.


--
-- TOC entry 3825 (class 0 OID 28324)
-- Dependencies: 229
-- Data for Name: customers_customermodel; Type: TABLE DATA; Schema: public; Owner: poker_lounge_database
--

COPY public.customers_customermodel (id, first_name, last_name, email_id, phone_number, is_active, is_deleted, created_at, updated_at, is_email_verified, password, is_phone_verified, last_login, braintree_customer_id) FROM stdin;
8	Anirudh	Chawla	aaaacs@gmail.com	+491628893421	t	f	2025-04-09 10:40:51.106045+02	2025-04-09 10:41:05.469217+02	t	11111111	t	2025-06-05 14:39:07.061204+02	46586140473
\.


--
-- TOC entry 3827 (class 0 OID 28336)
-- Dependencies: 231
-- Data for Name: customers_otpmodel; Type: TABLE DATA; Schema: public; Owner: poker_lounge_database
--

COPY public.customers_otpmodel (id, otp, created_at, is_verified, otp_type, email_id, phone_number) FROM stdin;
17	574371	2025-04-09 10:40:51.561012+02	t	email	aaaacs@gmail.com	\N
\.


--
-- TOC entry 3822 (class 0 OID 28209)
-- Dependencies: 226
-- Data for Name: django_admin_log; Type: TABLE DATA; Schema: public; Owner: poker_lounge_database
--

COPY public.django_admin_log (id, action_time, object_id, object_repr, action_flag, change_message, content_type_id, user_id) FROM stdin;
1	2025-02-13 10:30:52.389545+01	3	EMAIL OTP - anirudhflutter@gmail.com: 916572	3		8	1
2	2025-02-13 10:30:52.397052+01	2	PHONE OTP - 1628893421: 225846	3		8	1
3	2025-02-13 10:30:52.398075+01	1	EMAIL OTP - None: 152450	3		8	1
4	2025-02-13 10:43:14.614269+01	5	EMAIL OTP - anirudhflutter@gmail.com: 676961	3		8	1
5	2025-02-13 10:43:14.621028+01	4	PHONE OTP - 1628893421: 941144	3		8	1
6	2025-02-13 10:43:19.358992+01	1	anirudh chawla	3		7	1
7	2025-02-13 10:46:07.908286+01	2	anirudh chawla	3		7	1
8	2025-02-13 10:46:12.899187+01	7	EMAIL OTP - anirudhflutter@gmail.com: 726420	3		8	1
9	2025-02-13 10:46:12.901538+01	6	PHONE OTP - 1628893421: 371088	3		8	1
10	2025-02-24 13:11:18.562248+01	3	anirudh chawla	3		7	1
11	2025-02-24 14:08:43.99238+01	1	drink 1	1	[{"added": {}}]	9	1
12	2025-02-24 14:12:00.842185+01	10	Anirudh Chawla - 24.00 (submitted_for_settlement)	3		11	1
13	2025-02-24 14:12:00.850147+01	9	Anirudh Chawla - 43.20 (submitted_for_settlement)	3		11	1
14	2025-02-24 14:12:00.850819+01	8	Anirudh Chawla - 43.20 (submitted_for_settlement)	3		11	1
15	2025-02-24 14:12:00.851374+01	7	Anirudh Chawla - 38.40 (submitted_for_settlement)	3		11	1
16	2025-02-24 14:12:00.852011+01	6	Anirudh Chawla - 15.00 (submitted_for_settlement)	3		11	1
17	2025-02-24 14:12:00.852408+01	5	Anirudh Chawla - 12.00 (submitted_for_settlement)	3		11	1
18	2025-02-24 14:12:00.852712+01	4	Anirudh Chawla - 12.00 (submitted_for_settlement)	3		11	1
19	2025-02-24 14:12:00.852969+01	3	Anirudh Chawla - 12.00 (submitted_for_settlement)	3		11	1
20	2025-02-24 14:12:00.853248+01	2	Anirudh Chawla - 14.40 (submitted_for_settlement)	3		11	1
21	2025-02-24 14:12:00.853485+01	1	Anirudh Chawla - 15.00 (submitted_for_settlement)	3		11	1
22	2025-02-24 14:12:05.754535+01	2	Booking 2 - Anirudh Chawla at 16:08:00	3		10	1
23	2025-02-24 14:12:05.75899+01	1	Booking 1 - Anirudh Chawla at 16:04:00	3		10	1
24	2025-03-05 13:52:22.210426+01	1	Unavailable on 2025-03-05 from 12:00:00 to 14:00:00	1	[{"added": {}}]	12	1
25	2025-03-05 14:32:21.201905+01	3	Booking 3 - Anirudh Chawla at 07:00:00	3		10	1
26	2025-03-05 14:32:21.206499+01	2	Booking 2 - Anirudh Chawla at 06:00:00	3		10	1
27	2025-03-05 14:32:21.207432+01	1	Booking 1 - Anirudh Chawla at 06:00:00	3		10	1
28	2025-03-05 14:43:14.234491+01	2	Unavailable on 2025-03-05 from 18:00:00 to 21:00:00	1	[{"added": {}}]	12	1
29	2025-04-09 10:40:31.210607+02	7	Anirudh Chawla	3		7	1
30	2025-04-09 10:40:31.216431+02	5	Anirudh Chawla	3		7	1
31	2025-04-09 10:40:31.217403+02	4	Anirudh Chawla	3		7	1
32	2025-04-09 10:40:36.580584+02	16	EMAIL OTP - aaaacs1@gmail.com: 734830	3		8	1
33	2025-04-09 10:40:36.582612+02	15	EMAIL OTP - aaaacs@gmail.com: 896837	3		8	1
34	2025-04-09 10:40:36.58327+02	14	EMAIL OTP - aaaacs@gmail.com: 629236	3		8	1
35	2025-04-09 10:40:36.583725+02	13	EMAIL OTP - aaaacs@gmail.com: 660611	3		8	1
36	2025-04-09 10:40:36.584174+02	12	PHONE OTP - +491628893421: 816437	3		8	1
37	2025-04-09 10:40:36.584642+02	11	EMAIL OTP - anirudhflutter@gmail.com: 164087	3		8	1
38	2025-04-09 10:40:36.585716+02	10	PHONE OTP - 1628893421: 608929	3		8	1
39	2025-04-09 10:40:36.586544+02	9	EMAIL OTP - anirudhflutter@gmail.com: 436597	3		8	1
40	2025-04-09 10:40:36.587342+02	8	PHONE OTP - 1628893421: 254261	3		8	1
41	2025-04-10 10:49:32.759627+02	3	Unavailable on 2025-04-10 from 08:49:30 to 18:00:00	1	[{"added": {}}]	12	1
42	2025-04-10 11:06:07.592582+02	3	Unavailable on 2025-04-10 from 15:00:00 to 18:00:00	2	[{"changed": {"fields": ["Start time"]}}]	12	1
43	2025-04-15 10:03:10.670815+02	8	Booking 8 - Anirudh Chawla at 12:00:00	3		10	1
44	2025-04-15 10:03:10.677561+02	7	Booking 7 - Anirudh Chawla at 13:00:00	3		10	1
45	2025-04-15 10:03:10.678473+02	6	Booking 6 - Anirudh Chawla at 18:00:00	3		10	1
46	2025-04-15 11:47:19.534627+02	4	Unavailable on 2025-04-15 from 23:00:00 to 00:00:00	1	[{"added": {}}]	12	1
47	2025-04-15 11:48:06.800135+02	4	Unavailable on 2025-04-15 from 23:00:00 to 00:00:00	3		12	1
48	2025-04-15 12:40:07.243363+02	14	Booking 14 - Anirudh Chawla at 22:00:00	3		10	1
49	2025-04-15 12:40:21.230621+02	15	Booking 15 - Anirudh Chawla at 22:00:00	3		10	1
50	2025-04-15 12:41:50.148259+02	16	Booking 16 - Anirudh Chawla at 22:00:00	3		10	1
51	2025-04-16 09:35:31.290475+02	18	Booking 18 - Anirudh Chawla at 21:00:00	2	[{"changed": {"fields": ["Drinks", "Is cancelled", "Is active"]}}]	10	1
\.


--
-- TOC entry 3808 (class 0 OID 28109)
-- Dependencies: 212
-- Data for Name: django_content_type; Type: TABLE DATA; Schema: public; Owner: poker_lounge_database
--

COPY public.django_content_type (id, app_label, model) FROM stdin;
1	admin	logentry
2	auth	permission
3	auth	group
4	auth	user
5	contenttypes	contenttype
6	sessions	session
7	customers	customermodel
8	customers	otpmodel
9	menu	drinkmodel
10	bookings	bookingmodel
11	payments	customerpaymentmodel
12	bookings	unavailabletimeslotmodel
\.


--
-- TOC entry 3806 (class 0 OID 28101)
-- Dependencies: 210
-- Data for Name: django_migrations; Type: TABLE DATA; Schema: public; Owner: poker_lounge_database
--

COPY public.django_migrations (id, app, name, applied) FROM stdin;
1	contenttypes	0001_initial	2025-01-31 10:29:22.694276+01
2	auth	0001_initial	2025-01-31 10:29:22.777032+01
3	admin	0001_initial	2025-01-31 10:29:22.788729+01
4	admin	0002_logentry_remove_auto_add	2025-01-31 10:29:22.793199+01
5	admin	0003_logentry_add_action_flag_choices	2025-01-31 10:29:22.796819+01
6	contenttypes	0002_remove_content_type_name	2025-01-31 10:29:22.80311+01
7	auth	0002_alter_permission_name_max_length	2025-01-31 10:29:22.806668+01
8	auth	0003_alter_user_email_max_length	2025-01-31 10:29:22.810635+01
9	auth	0004_alter_user_username_opts	2025-01-31 10:29:22.813915+01
10	auth	0005_alter_user_last_login_null	2025-01-31 10:29:22.817145+01
11	auth	0006_require_contenttypes_0002	2025-01-31 10:29:22.817956+01
12	auth	0007_alter_validators_add_error_messages	2025-01-31 10:29:22.821902+01
13	auth	0008_alter_user_username_max_length	2025-01-31 10:29:22.828493+01
14	auth	0009_alter_user_last_name_max_length	2025-01-31 10:29:22.833836+01
15	auth	0010_alter_group_name_max_length	2025-01-31 10:29:22.83777+01
16	auth	0011_update_proxy_permissions	2025-01-31 10:29:22.840681+01
17	auth	0012_alter_user_first_name_max_length	2025-01-31 10:29:22.8447+01
18	sessions	0001_initial	2025-01-31 10:29:22.850369+01
19	customers	0001_initial	2025-02-10 15:24:42.791535+01
20	customers	0002_rename_email_id_customermodel_email_and_more	2025-02-13 10:08:16.644313+01
21	customers	0003_otpmodel_destination	2025-02-13 10:09:09.819152+01
22	customers	0004_rename_email_customermodel_email_id_and_more	2025-02-13 10:20:20.109123+01
23	customers	0005_customermodel_last_login	2025-02-13 10:57:49.571164+01
24	menu	0001_initial	2025-02-24 11:28:05.499382+01
26	payments	0001_initial	2025-02-24 11:28:05.537847+01
27	customers	0006_customermodel_braintree_customer_id	2025-02-24 12:59:14.316864+01
30	bookings	0001_initial	2025-03-05 13:52:04.239747+01
31	bookings	0002_alter_bookingmodel_total_amount	2025-04-15 12:34:45.938048+02
\.


--
-- TOC entry 3823 (class 0 OID 28237)
-- Dependencies: 227
-- Data for Name: django_session; Type: TABLE DATA; Schema: public; Owner: poker_lounge_database
--

COPY public.django_session (session_key, session_data, expire_date) FROM stdin;
7cwdma9ux92k08ozsoz78x52d2z46jm0	.eJxVjDsOwjAQBe_iGll2_F1Kes5grXc3OIASKZ8KcXeIlALaNzPvpQpuayvbInMZWJ2VVaffrSI9ZNwB33G8TZqmcZ2HqndFH3TR14nleTncv4OGS_vWjqw4BpuY-oQddS5k9uiMNSA-Z3Q-JgLPUWqORKEP3kAVA13wGUC9P90PN1g:1thUkS:sHfL4z9LzAoZewEmVCyNQ9QVbv7TBLjzNssUNVt8-LU	2025-02-24 15:26:56.305743+01
5lh4k9m32m64b3p2ro5trqfkwea3avx7	.eJyrVopPLC3JiC8tTi2Kz0xRslKyUNJBFktKTM5OzQNJpGQl5qXn6yXn55UUZSbpgZToQWWL9XzzU1JznKBqUQzISCzOAOoGCsLtsKgFAP6CKiE:1u4d0Y:z2eQsKpd-BUQPh0jWFz2sXI_Sy_XO8qpOuAzeKUOQTU	2025-04-16 11:55:10.483425+02
4a0he2qctcknt7rfrxjjdhizdo09mu61	.eJyrVopPLC3JiC8tTi2Kz0xRslIyVtJBFktKTM5OzQNJpGQl5qXn6yXn55UUZSbpgZToQWWL9XzzU1JznKBqUQzISCzOAOoGCRanFhdn5ufFp1YUZBZVKllZmJkYGNQCABkwLl4:1tl6Kd:p46xhyLP2wdNGV4-hYB9IQY8UDDvhryvOpe41jk8vYw	2025-02-21 14:11:11.875805+01
7wps2opx0y2m7dzfw6hgvp4zkpjrjdy2	.eJyrVopPLC3JiC8tTi2Kz0xRslIyUdJBFktKTM5OzQNJpGQl5qXn6yXn55UUZSbpgZToQWWL9XzzU1JznKBqUQzISCzOAOoGCRanFhdn5ufFp1YUZBZVKllZmJkYGNQCABmhLl8:1tpMDX:FOAJd1UiNbeAxDRbBhF_o0Ur8QMhm0NS-ItGxlfvbJg	2025-03-05 07:57:27.463565+01
xo0poqs6mgvwxkloej3zmxt0xwtw80t3	.eJyrVopPLC3JiC8tTi2Kz0xRslIyVtJBFktKTM5OzQNJpGQl5qXn6yXn55UUZSbpgZToQWWL9XzzU1JznKBqUQzISCzOAOoGCRanFhdn5ufFp1YUZBZVKllZmJkYGNQCABkwLl4:1tiW2k:oJUVbVIEFN28Gom--8wrDYfM2_J6f88Hf-tn7MQWiTA	2025-02-14 11:02:02.590521+01
tia0ryjw0ghqswekjp4g7u531pljk2p2	.eJxVjDsOwjAQBe_iGll2_F1Kes5grXc3OIASKZ8KcXeIlALaNzPvpQpuayvbInMZWJ2VVaffrSI9ZNwB33G8TZqmcZ2HqndFH3TR14nleTncv4OGS_vWjqw4BpuY-oQddS5k9uiMNSA-Z3Q-JgLPUWqORKEP3kAVA13wGUC9P90PN1g:1u4d11:gtVFIXwgim0YWz-P4qdR_9OrXpyqSWmrBUGO8uGIlME	2025-04-16 11:55:39.384653+02
oh9ypxd8e16bkzz570cn6iu0seyazqhj	.eJyrVopPLC3JiC8tTi2Kz0xRslIyVtJBFktKTM5OzQNJpGQl5qXn6yXn55UUZSbpgZToQWWL9XzzU1JznKBqUQzISCzOAOoGCRanFhdn5ufFp1YUZBZVKllZmJkYGNQCABkwLl4:1tki1H:0fJ5Lr0tk6Gk25-Em3K5GoDzxdWA38bLQIXbpDvev2k	2025-02-20 12:13:35.056225+01
nujsbcqql3ru4938otgwvzvj5vmbbakd	.eJxVjDsOwjAQBe_iGll2_F1Kes5grXc3OIASKZ8KcXeIlALaNzPvpQpuayvbInMZWJ2VVaffrSI9ZNwB33G8TZqmcZ2HqndFH3TR14nleTncv4OGS_vWjqw4BpuY-oQddS5k9uiMNSA-Z3Q-JgLPUWqORKEP3kAVA13wGUC9P90PN1g:1u4xIx:Qx9ApLi3BLpnZq5A_GssCTF-Z6ThBdNxyenMGS975F4	2025-04-17 09:35:31.346747+02
l988c5hvxi8c7js9nny3xp65wucapzvd	.eJyrVopPLC3JiC8tTi2Kz0xRslKyUNJBFktKTM5OzQNJpGQl5qXn6yXn55UUZSbpgZToQWWL9XzzU1JznKBqUQzISCzOAOoGCsLtsKgFAP6CKiE:1u2psC:XGsqZDJZnkBPwaE-Re56DcVQM_ssagTrL_3Sq88YQ-M	2025-04-11 13:15:08.200973+02
a7020a2qj9ahn039gb61fh3rojdmfiv5	.eJxVjDsOwjAQBe_iGll2_F1Kes5grXc3OIASKZ8KcXeIlALaNzPvpQpuayvbInMZWJ2VVaffrSI9ZNwB33G8TZqmcZ2HqndFH3TR14nleTncv4OGS_vWjqw4BpuY-oQddS5k9uiMNSA-Z3Q-JgLPUWqORKEP3kAVA13wGUC9P90PN1g:1u4d5I:y9_FWyuTxjlSVIYyf8Lmpr1nIJ-FFmputjhd_yNTq_g	2025-04-16 12:00:04.22987+02
jxm6p26k8t7pt2ssjw1e5vax2m23d886	.eJxVjDsOwjAQBe_iGll2_F1Kes5grXc3OIASKZ8KcXeIlALaNzPvpQpuayvbInMZWJ2VVaffrSI9ZNwB33G8TZqmcZ2HqndFH3TR14nleTncv4OGS_vWjqw4BpuY-oQddS5k9uiMNSA-Z3Q-JgLPUWqORKEP3kAVA13wGUC9P90PN1g:1tmboZ:rOS8jFGVNIUO6OtuMqSr83uSby1PclAt67WQU9EnM9w	2025-02-25 18:00:19.932861+01
pvf3u9mryuzw6aonillog5vxdbto0kpo	.eJyrVopPLC3JiC8tTi2Kz0xRslKyUNJBFktKTM5OzQNJpGQl5qXn6yXn55UUZSbpgZToQWWL9XzzU1JznKBqUQzISCzOAOoGCsLtsKgFAP6CKiE:1u4ba3:o_gL_hj8CHKKL9-c9-cyFy5rbKhufodE1DgO_nsUE54	2025-04-16 10:23:43.303232+02
ly6edk74t5dym3vx1rfceuj6sigsxpv1	.eJyrVopPLC3JiC8tTi2Kz0xRslIyUdJBFktKTM5OzQNJpGQl5qXn6yXn55UUZSbpgZToQWWL9XzzU1JznKBqUQzISCzOAOoGCsLtMKkFAPzmKhk:1tpxcl:e94UD7lUSavB0ABWkJLSiVHvbVJMVoXvE4bz3qF94HA	2025-03-06 23:53:59.41389+01
ty20ms7lvd6wd33y6vgll7s8raptgyuz	.eJyrVopPLC3JiC8tTi2Kz0xRslKyUNJBFktKTM5OzQNJpGQl5qXn6yXn55UUZSbpgZToQWWL9XzzU1JznKBqUQzISCzOAOoGCsLtsKgFAP6CKiE:1u4yO5:pBo6MlqpZF02V53UvcbJ7UXGQO5UxgpXlu6H80yKLFk	2025-04-17 10:44:53.918497+02
x581onykw6g8d9obqs60rbe0zxol3csv	.eJyrVopPLC3JiC8tTi2Kz0xRslIyUdJBFktKTM5OzQNJpGQl5qXn6yXn55UUZSbpgZToQWWL9XzzU1JznKBqUQzISCzOAOoGCRanFhdn5ufFp1YUZBZVKllZmJkYGNQCABmhLl8:1tpDF0:la3ixc5Vi6A5jaNE7J53ET12EuygnI1OMi0pf71xYhE	2025-03-04 22:22:22.114088+01
qnf9gyo1kzere3bf378ylrvrmosvta2a	.eJyrVopPLC3JiC8tTi2Kz0xRslIyUdJBFktKTM5OzQNJpGQl5qXn6yXn55UUZSbpgZToQWWL9XzzU1JznKBqUQzISCzOAOoGCRanFhdn5ufFp1YUZBZVKllZmJkYGNQCABmhLl8:1tpDFE:KtvC4qBUlgjmqoml_SWo8gWEGRhJPB0JTd9_B87aSyw	2025-03-04 22:22:36.005059+01
qcrivu5t16awmptcl7f47vu6qc081x94	.eJxVjDsOwjAQBe_iGll2_F1Kes5grXc3OIASKZ8KcXeIlALaNzPvpQpuayvbInMZWJ2VVaffrSI9ZNwB33G8TZqmcZ2HqndFH3TR14nleTncv4OGS_vWjqw4BpuY-oQddS5k9uiMNSA-Z3Q-JgLPUWqORKEP3kAVA13wGUC9P90PN1g:1tpxOx:syRy0jnGZdKAvmpeZoWisAtRII3MZKa0gsYdvJWINKw	2025-03-06 23:39:43.976467+01
w11hnm1rm7f2cx3ax8m7nfrgcl0v3xem	.eJyrVopPLC3JiC8tTi2Kz0xRslIyUdJBFktKTM5OzQNJpGQl5qXn6yXn55UUZSbpgZToQWWL9XzzU1JznKBqUQzISCzOAOoGCRanFhdn5ufFp1YUZBZVKllZmJkYGNQCABmhLl8:1tpDkK:JPgC20u9Gj74-tuxDE16HMjIZFRvB3oYxkswnNHeOIw	2025-03-04 22:54:44.436537+01
an6orjtf7hhnci6jk7tfksmhjv20i9fa	.eJyrVopPLC3JiC8tTi2Kz0xRslKyUNJBFktKTM5OzQNJpGQl5qXn6yXn55UUZSbpgZToQWWL9XzzU1JznKBqUQzISCzOAOoGCsLtsKgFAP6CKiE:1uN9sZ:5RDIXzWsC0b9fFy5gWAOGUx6tD_niWLHR5PJO2H7VYM	2025-06-06 14:39:31.84357+02
hsao7eb7cbtr1knnonlpop4bjo8765or	.eJxVjDsOwjAQBe_iGll2_F1Kes5grXc3OIASKZ8KcXeIlALaNzPvpQpuayvbInMZWJ2VVaffrSI9ZNwB33G8TZqmcZ2HqndFH3TR14nleTncv4OGS_vWjqw4BpuY-oQddS5k9uiMNSA-Z3Q-JgLPUWqORKEP3kAVA13wGUC9P90PN1g:1u4dkP:1mK3zhSM7D6FuQWXrw6cZ2dWSxGoh8ZAanWrn7V5-34	2025-04-16 12:42:33.035291+02
\.


--
-- TOC entry 3829 (class 0 OID 28678)
-- Dependencies: 233
-- Data for Name: menu_drinkmodel; Type: TABLE DATA; Schema: public; Owner: poker_lounge_database
--

COPY public.menu_drinkmodel (id, name, price, is_active, is_delete, created_at, updated_at) FROM stdin;
1	drink 1	10.00	t	f	2025-02-24 14:08:43.98853+01	2025-02-24 14:08:43.988562+01
\.


--
-- TOC entry 3831 (class 0 OID 28718)
-- Dependencies: 235
-- Data for Name: payments_customerpaymentmodel; Type: TABLE DATA; Schema: public; Owner: poker_lounge_database
--

COPY public.payments_customerpaymentmodel (id, amount, paid_at, transaction_id, status, payment_method, is_active, is_deleted, created_at, deleted_at, customer_id) FROM stdin;
19	12.00	2025-04-10 11:29:26.620114+02	fqmd4hs9	submitted_for_settlement	\N	t	f	2025-04-10 11:29:26.620167+02	\N	8
20	7.20	2025-04-10 11:39:39.803187+02	prdvrrwt	submitted_for_settlement	\N	t	f	2025-04-10 11:39:39.803219+02	\N	8
21	2.40	2025-04-10 11:50:17.486949+02	4w5pbx1t	submitted_for_settlement	\N	t	f	2025-04-10 11:50:17.486997+02	\N	8
22	9.60	2025-04-15 10:09:47.618606+02	gy5h82kx	submitted_for_settlement	\N	t	f	2025-04-15 10:09:47.618627+02	\N	8
23	37.80	2025-04-15 10:13:46.146217+02	2m8dfkyk	submitted_for_settlement	\N	t	f	2025-04-15 10:13:46.14628+02	\N	8
24	5.40	2025-04-15 10:14:24.81449+02	4ymwh95d	submitted_for_settlement	\N	t	f	2025-04-15 10:14:24.814545+02	\N	8
25	1.80	2025-04-15 12:42:14.472802+02	995yd32r	submitted_for_settlement	\N	t	f	2025-04-15 12:42:14.472844+02	\N	8
26	4.80	2025-04-16 09:34:06.483861+02	ft6vb3sd	submitted_for_settlement	\N	t	f	2025-04-16 09:34:06.483893+02	\N	8
\.


--
-- TOC entry 3843 (class 0 OID 0)
-- Dependencies: 215
-- Name: auth_group_id_seq; Type: SEQUENCE SET; Schema: public; Owner: poker_lounge_database
--

SELECT pg_catalog.setval('public.auth_group_id_seq', 1, false);


--
-- TOC entry 3844 (class 0 OID 0)
-- Dependencies: 217
-- Name: auth_group_permissions_id_seq; Type: SEQUENCE SET; Schema: public; Owner: poker_lounge_database
--

SELECT pg_catalog.setval('public.auth_group_permissions_id_seq', 1, false);


--
-- TOC entry 3845 (class 0 OID 0)
-- Dependencies: 213
-- Name: auth_permission_id_seq; Type: SEQUENCE SET; Schema: public; Owner: poker_lounge_database
--

SELECT pg_catalog.setval('public.auth_permission_id_seq', 48, true);


--
-- TOC entry 3846 (class 0 OID 0)
-- Dependencies: 221
-- Name: auth_user_groups_id_seq; Type: SEQUENCE SET; Schema: public; Owner: poker_lounge_database
--

SELECT pg_catalog.setval('public.auth_user_groups_id_seq', 1, false);


--
-- TOC entry 3847 (class 0 OID 0)
-- Dependencies: 219
-- Name: auth_user_id_seq; Type: SEQUENCE SET; Schema: public; Owner: poker_lounge_database
--

SELECT pg_catalog.setval('public.auth_user_id_seq', 1, true);


--
-- TOC entry 3848 (class 0 OID 0)
-- Dependencies: 223
-- Name: auth_user_user_permissions_id_seq; Type: SEQUENCE SET; Schema: public; Owner: poker_lounge_database
--

SELECT pg_catalog.setval('public.auth_user_user_permissions_id_seq', 1, false);


--
-- TOC entry 3849 (class 0 OID 0)
-- Dependencies: 240
-- Name: bookings_bookingmodel_drinks_id_seq; Type: SEQUENCE SET; Schema: public; Owner: poker_lounge_database
--

SELECT pg_catalog.setval('public.bookings_bookingmodel_drinks_id_seq', 13, true);


--
-- TOC entry 3850 (class 0 OID 0)
-- Dependencies: 238
-- Name: bookings_bookingmodel_id_seq; Type: SEQUENCE SET; Schema: public; Owner: poker_lounge_database
--

SELECT pg_catalog.setval('public.bookings_bookingmodel_id_seq', 21, true);


--
-- TOC entry 3851 (class 0 OID 0)
-- Dependencies: 236
-- Name: bookings_unavailabletimeslotmodel_id_seq; Type: SEQUENCE SET; Schema: public; Owner: poker_lounge_database
--

SELECT pg_catalog.setval('public.bookings_unavailabletimeslotmodel_id_seq', 4, true);


--
-- TOC entry 3852 (class 0 OID 0)
-- Dependencies: 228
-- Name: customers_customermodel_id_seq; Type: SEQUENCE SET; Schema: public; Owner: poker_lounge_database
--

SELECT pg_catalog.setval('public.customers_customermodel_id_seq', 8, true);


--
-- TOC entry 3853 (class 0 OID 0)
-- Dependencies: 230
-- Name: customers_otpmodel_id_seq; Type: SEQUENCE SET; Schema: public; Owner: poker_lounge_database
--

SELECT pg_catalog.setval('public.customers_otpmodel_id_seq', 17, true);


--
-- TOC entry 3854 (class 0 OID 0)
-- Dependencies: 225
-- Name: django_admin_log_id_seq; Type: SEQUENCE SET; Schema: public; Owner: poker_lounge_database
--

SELECT pg_catalog.setval('public.django_admin_log_id_seq', 51, true);


--
-- TOC entry 3855 (class 0 OID 0)
-- Dependencies: 211
-- Name: django_content_type_id_seq; Type: SEQUENCE SET; Schema: public; Owner: poker_lounge_database
--

SELECT pg_catalog.setval('public.django_content_type_id_seq', 12, true);


--
-- TOC entry 3856 (class 0 OID 0)
-- Dependencies: 209
-- Name: django_migrations_id_seq; Type: SEQUENCE SET; Schema: public; Owner: poker_lounge_database
--

SELECT pg_catalog.setval('public.django_migrations_id_seq', 31, true);


--
-- TOC entry 3857 (class 0 OID 0)
-- Dependencies: 232
-- Name: menu_drinkmodel_id_seq; Type: SEQUENCE SET; Schema: public; Owner: poker_lounge_database
--

SELECT pg_catalog.setval('public.menu_drinkmodel_id_seq', 1, true);


--
-- TOC entry 3858 (class 0 OID 0)
-- Dependencies: 234
-- Name: payments_customerpaymentmodel_id_seq; Type: SEQUENCE SET; Schema: public; Owner: poker_lounge_database
--

SELECT pg_catalog.setval('public.payments_customerpaymentmodel_id_seq', 26, true);


--
-- TOC entry 3593 (class 2606 OID 28235)
-- Name: auth_group auth_group_name_key; Type: CONSTRAINT; Schema: public; Owner: poker_lounge_database
--

ALTER TABLE ONLY public.auth_group
    ADD CONSTRAINT auth_group_name_key UNIQUE (name);


--
-- TOC entry 3598 (class 2606 OID 28166)
-- Name: auth_group_permissions auth_group_permissions_group_id_permission_id_0cd325b0_uniq; Type: CONSTRAINT; Schema: public; Owner: poker_lounge_database
--

ALTER TABLE ONLY public.auth_group_permissions
    ADD CONSTRAINT auth_group_permissions_group_id_permission_id_0cd325b0_uniq UNIQUE (group_id, permission_id);


--
-- TOC entry 3601 (class 2606 OID 28135)
-- Name: auth_group_permissions auth_group_permissions_pkey; Type: CONSTRAINT; Schema: public; Owner: poker_lounge_database
--

ALTER TABLE ONLY public.auth_group_permissions
    ADD CONSTRAINT auth_group_permissions_pkey PRIMARY KEY (id);


--
-- TOC entry 3595 (class 2606 OID 28127)
-- Name: auth_group auth_group_pkey; Type: CONSTRAINT; Schema: public; Owner: poker_lounge_database
--

ALTER TABLE ONLY public.auth_group
    ADD CONSTRAINT auth_group_pkey PRIMARY KEY (id);


--
-- TOC entry 3588 (class 2606 OID 28157)
-- Name: auth_permission auth_permission_content_type_id_codename_01ab375a_uniq; Type: CONSTRAINT; Schema: public; Owner: poker_lounge_database
--

ALTER TABLE ONLY public.auth_permission
    ADD CONSTRAINT auth_permission_content_type_id_codename_01ab375a_uniq UNIQUE (content_type_id, codename);


--
-- TOC entry 3590 (class 2606 OID 28121)
-- Name: auth_permission auth_permission_pkey; Type: CONSTRAINT; Schema: public; Owner: poker_lounge_database
--

ALTER TABLE ONLY public.auth_permission
    ADD CONSTRAINT auth_permission_pkey PRIMARY KEY (id);


--
-- TOC entry 3609 (class 2606 OID 28149)
-- Name: auth_user_groups auth_user_groups_pkey; Type: CONSTRAINT; Schema: public; Owner: poker_lounge_database
--

ALTER TABLE ONLY public.auth_user_groups
    ADD CONSTRAINT auth_user_groups_pkey PRIMARY KEY (id);


--
-- TOC entry 3612 (class 2606 OID 28181)
-- Name: auth_user_groups auth_user_groups_user_id_group_id_94350c0c_uniq; Type: CONSTRAINT; Schema: public; Owner: poker_lounge_database
--

ALTER TABLE ONLY public.auth_user_groups
    ADD CONSTRAINT auth_user_groups_user_id_group_id_94350c0c_uniq UNIQUE (user_id, group_id);


--
-- TOC entry 3603 (class 2606 OID 28141)
-- Name: auth_user auth_user_pkey; Type: CONSTRAINT; Schema: public; Owner: poker_lounge_database
--

ALTER TABLE ONLY public.auth_user
    ADD CONSTRAINT auth_user_pkey PRIMARY KEY (id);


--
-- TOC entry 3615 (class 2606 OID 28155)
-- Name: auth_user_user_permissions auth_user_user_permissions_pkey; Type: CONSTRAINT; Schema: public; Owner: poker_lounge_database
--

ALTER TABLE ONLY public.auth_user_user_permissions
    ADD CONSTRAINT auth_user_user_permissions_pkey PRIMARY KEY (id);


--
-- TOC entry 3618 (class 2606 OID 28195)
-- Name: auth_user_user_permissions auth_user_user_permissions_user_id_permission_id_14a6b632_uniq; Type: CONSTRAINT; Schema: public; Owner: poker_lounge_database
--

ALTER TABLE ONLY public.auth_user_user_permissions
    ADD CONSTRAINT auth_user_user_permissions_user_id_permission_id_14a6b632_uniq UNIQUE (user_id, permission_id);


--
-- TOC entry 3606 (class 2606 OID 28230)
-- Name: auth_user auth_user_username_key; Type: CONSTRAINT; Schema: public; Owner: poker_lounge_database
--

ALTER TABLE ONLY public.auth_user
    ADD CONSTRAINT auth_user_username_key UNIQUE (username);


--
-- TOC entry 3648 (class 2606 OID 28853)
-- Name: bookings_bookingmodel_drinks bookings_bookingmodel_dr_bookingmodel_id_drinkmod_86ea37ef_uniq; Type: CONSTRAINT; Schema: public; Owner: poker_lounge_database
--

ALTER TABLE ONLY public.bookings_bookingmodel_drinks
    ADD CONSTRAINT bookings_bookingmodel_dr_bookingmodel_id_drinkmod_86ea37ef_uniq UNIQUE (bookingmodel_id, drinkmodel_id);


--
-- TOC entry 3652 (class 2606 OID 28845)
-- Name: bookings_bookingmodel_drinks bookings_bookingmodel_drinks_pkey; Type: CONSTRAINT; Schema: public; Owner: poker_lounge_database
--

ALTER TABLE ONLY public.bookings_bookingmodel_drinks
    ADD CONSTRAINT bookings_bookingmodel_drinks_pkey PRIMARY KEY (id);


--
-- TOC entry 3646 (class 2606 OID 28839)
-- Name: bookings_bookingmodel bookings_bookingmodel_pkey; Type: CONSTRAINT; Schema: public; Owner: poker_lounge_database
--

ALTER TABLE ONLY public.bookings_bookingmodel
    ADD CONSTRAINT bookings_bookingmodel_pkey PRIMARY KEY (id);


--
-- TOC entry 3643 (class 2606 OID 28831)
-- Name: bookings_unavailabletimeslotmodel bookings_unavailabletimeslotmodel_pkey; Type: CONSTRAINT; Schema: public; Owner: poker_lounge_database
--

ALTER TABLE ONLY public.bookings_unavailabletimeslotmodel
    ADD CONSTRAINT bookings_unavailabletimeslotmodel_pkey PRIMARY KEY (id);


--
-- TOC entry 3629 (class 2606 OID 28332)
-- Name: customers_customermodel customers_customermodel_email_id_key; Type: CONSTRAINT; Schema: public; Owner: poker_lounge_database
--

ALTER TABLE ONLY public.customers_customermodel
    ADD CONSTRAINT customers_customermodel_email_id_key UNIQUE (email_id);


--
-- TOC entry 3632 (class 2606 OID 28334)
-- Name: customers_customermodel customers_customermodel_phone_number_key; Type: CONSTRAINT; Schema: public; Owner: poker_lounge_database
--

ALTER TABLE ONLY public.customers_customermodel
    ADD CONSTRAINT customers_customermodel_phone_number_key UNIQUE (phone_number);


--
-- TOC entry 3634 (class 2606 OID 28330)
-- Name: customers_customermodel customers_customermodel_pkey; Type: CONSTRAINT; Schema: public; Owner: poker_lounge_database
--

ALTER TABLE ONLY public.customers_customermodel
    ADD CONSTRAINT customers_customermodel_pkey PRIMARY KEY (id);


--
-- TOC entry 3636 (class 2606 OID 28340)
-- Name: customers_otpmodel customers_otpmodel_pkey; Type: CONSTRAINT; Schema: public; Owner: poker_lounge_database
--

ALTER TABLE ONLY public.customers_otpmodel
    ADD CONSTRAINT customers_otpmodel_pkey PRIMARY KEY (id);


--
-- TOC entry 3621 (class 2606 OID 28216)
-- Name: django_admin_log django_admin_log_pkey; Type: CONSTRAINT; Schema: public; Owner: poker_lounge_database
--

ALTER TABLE ONLY public.django_admin_log
    ADD CONSTRAINT django_admin_log_pkey PRIMARY KEY (id);


--
-- TOC entry 3583 (class 2606 OID 28115)
-- Name: django_content_type django_content_type_app_label_model_76bd3d3b_uniq; Type: CONSTRAINT; Schema: public; Owner: poker_lounge_database
--

ALTER TABLE ONLY public.django_content_type
    ADD CONSTRAINT django_content_type_app_label_model_76bd3d3b_uniq UNIQUE (app_label, model);


--
-- TOC entry 3585 (class 2606 OID 28113)
-- Name: django_content_type django_content_type_pkey; Type: CONSTRAINT; Schema: public; Owner: poker_lounge_database
--

ALTER TABLE ONLY public.django_content_type
    ADD CONSTRAINT django_content_type_pkey PRIMARY KEY (id);


--
-- TOC entry 3581 (class 2606 OID 28107)
-- Name: django_migrations django_migrations_pkey; Type: CONSTRAINT; Schema: public; Owner: poker_lounge_database
--

ALTER TABLE ONLY public.django_migrations
    ADD CONSTRAINT django_migrations_pkey PRIMARY KEY (id);


--
-- TOC entry 3625 (class 2606 OID 28243)
-- Name: django_session django_session_pkey; Type: CONSTRAINT; Schema: public; Owner: poker_lounge_database
--

ALTER TABLE ONLY public.django_session
    ADD CONSTRAINT django_session_pkey PRIMARY KEY (session_key);


--
-- TOC entry 3638 (class 2606 OID 28682)
-- Name: menu_drinkmodel menu_drinkmodel_pkey; Type: CONSTRAINT; Schema: public; Owner: poker_lounge_database
--

ALTER TABLE ONLY public.menu_drinkmodel
    ADD CONSTRAINT menu_drinkmodel_pkey PRIMARY KEY (id);


--
-- TOC entry 3641 (class 2606 OID 28722)
-- Name: payments_customerpaymentmodel payments_customerpaymentmodel_pkey; Type: CONSTRAINT; Schema: public; Owner: poker_lounge_database
--

ALTER TABLE ONLY public.payments_customerpaymentmodel
    ADD CONSTRAINT payments_customerpaymentmodel_pkey PRIMARY KEY (id);


--
-- TOC entry 3591 (class 1259 OID 28236)
-- Name: auth_group_name_a6ea08ec_like; Type: INDEX; Schema: public; Owner: poker_lounge_database
--

CREATE INDEX auth_group_name_a6ea08ec_like ON public.auth_group USING btree (name varchar_pattern_ops);


--
-- TOC entry 3596 (class 1259 OID 28177)
-- Name: auth_group_permissions_group_id_b120cbf9; Type: INDEX; Schema: public; Owner: poker_lounge_database
--

CREATE INDEX auth_group_permissions_group_id_b120cbf9 ON public.auth_group_permissions USING btree (group_id);


--
-- TOC entry 3599 (class 1259 OID 28178)
-- Name: auth_group_permissions_permission_id_84c5c92e; Type: INDEX; Schema: public; Owner: poker_lounge_database
--

CREATE INDEX auth_group_permissions_permission_id_84c5c92e ON public.auth_group_permissions USING btree (permission_id);


--
-- TOC entry 3586 (class 1259 OID 28163)
-- Name: auth_permission_content_type_id_2f476e4b; Type: INDEX; Schema: public; Owner: poker_lounge_database
--

CREATE INDEX auth_permission_content_type_id_2f476e4b ON public.auth_permission USING btree (content_type_id);


--
-- TOC entry 3607 (class 1259 OID 28193)
-- Name: auth_user_groups_group_id_97559544; Type: INDEX; Schema: public; Owner: poker_lounge_database
--

CREATE INDEX auth_user_groups_group_id_97559544 ON public.auth_user_groups USING btree (group_id);


--
-- TOC entry 3610 (class 1259 OID 28192)
-- Name: auth_user_groups_user_id_6a12ed8b; Type: INDEX; Schema: public; Owner: poker_lounge_database
--

CREATE INDEX auth_user_groups_user_id_6a12ed8b ON public.auth_user_groups USING btree (user_id);


--
-- TOC entry 3613 (class 1259 OID 28207)
-- Name: auth_user_user_permissions_permission_id_1fbb5f2c; Type: INDEX; Schema: public; Owner: poker_lounge_database
--

CREATE INDEX auth_user_user_permissions_permission_id_1fbb5f2c ON public.auth_user_user_permissions USING btree (permission_id);


--
-- TOC entry 3616 (class 1259 OID 28206)
-- Name: auth_user_user_permissions_user_id_a95ead1b; Type: INDEX; Schema: public; Owner: poker_lounge_database
--

CREATE INDEX auth_user_user_permissions_user_id_a95ead1b ON public.auth_user_user_permissions USING btree (user_id);


--
-- TOC entry 3604 (class 1259 OID 28231)
-- Name: auth_user_username_6821ab7c_like; Type: INDEX; Schema: public; Owner: poker_lounge_database
--

CREATE INDEX auth_user_username_6821ab7c_like ON public.auth_user USING btree (username varchar_pattern_ops);


--
-- TOC entry 3644 (class 1259 OID 28851)
-- Name: bookings_bookingmodel_customer_id_ccf7e7b5; Type: INDEX; Schema: public; Owner: poker_lounge_database
--

CREATE INDEX bookings_bookingmodel_customer_id_ccf7e7b5 ON public.bookings_bookingmodel USING btree (customer_id);


--
-- TOC entry 3649 (class 1259 OID 28864)
-- Name: bookings_bookingmodel_drinks_bookingmodel_id_69c93745; Type: INDEX; Schema: public; Owner: poker_lounge_database
--

CREATE INDEX bookings_bookingmodel_drinks_bookingmodel_id_69c93745 ON public.bookings_bookingmodel_drinks USING btree (bookingmodel_id);


--
-- TOC entry 3650 (class 1259 OID 28865)
-- Name: bookings_bookingmodel_drinks_drinkmodel_id_d44fbf04; Type: INDEX; Schema: public; Owner: poker_lounge_database
--

CREATE INDEX bookings_bookingmodel_drinks_drinkmodel_id_d44fbf04 ON public.bookings_bookingmodel_drinks USING btree (drinkmodel_id);


--
-- TOC entry 3627 (class 1259 OID 28343)
-- Name: customers_customermodel_email_id_bcf47630_like; Type: INDEX; Schema: public; Owner: poker_lounge_database
--

CREATE INDEX customers_customermodel_email_id_bcf47630_like ON public.customers_customermodel USING btree (email_id varchar_pattern_ops);


--
-- TOC entry 3630 (class 1259 OID 28344)
-- Name: customers_customermodel_phone_number_74a2a16f_like; Type: INDEX; Schema: public; Owner: poker_lounge_database
--

CREATE INDEX customers_customermodel_phone_number_74a2a16f_like ON public.customers_customermodel USING btree (phone_number varchar_pattern_ops);


--
-- TOC entry 3619 (class 1259 OID 28227)
-- Name: django_admin_log_content_type_id_c4bce8eb; Type: INDEX; Schema: public; Owner: poker_lounge_database
--

CREATE INDEX django_admin_log_content_type_id_c4bce8eb ON public.django_admin_log USING btree (content_type_id);


--
-- TOC entry 3622 (class 1259 OID 28228)
-- Name: django_admin_log_user_id_c564eba6; Type: INDEX; Schema: public; Owner: poker_lounge_database
--

CREATE INDEX django_admin_log_user_id_c564eba6 ON public.django_admin_log USING btree (user_id);


--
-- TOC entry 3623 (class 1259 OID 28245)
-- Name: django_session_expire_date_a5c62663; Type: INDEX; Schema: public; Owner: poker_lounge_database
--

CREATE INDEX django_session_expire_date_a5c62663 ON public.django_session USING btree (expire_date);


--
-- TOC entry 3626 (class 1259 OID 28244)
-- Name: django_session_session_key_c0390e0f_like; Type: INDEX; Schema: public; Owner: poker_lounge_database
--

CREATE INDEX django_session_session_key_c0390e0f_like ON public.django_session USING btree (session_key varchar_pattern_ops);


--
-- TOC entry 3639 (class 1259 OID 28728)
-- Name: payments_customerpaymentmodel_customer_id_9e365335; Type: INDEX; Schema: public; Owner: poker_lounge_database
--

CREATE INDEX payments_customerpaymentmodel_customer_id_9e365335 ON public.payments_customerpaymentmodel USING btree (customer_id);


--
-- TOC entry 3655 (class 2606 OID 28172)
-- Name: auth_group_permissions auth_group_permissio_permission_id_84c5c92e_fk_auth_perm; Type: FK CONSTRAINT; Schema: public; Owner: poker_lounge_database
--

ALTER TABLE ONLY public.auth_group_permissions
    ADD CONSTRAINT auth_group_permissio_permission_id_84c5c92e_fk_auth_perm FOREIGN KEY (permission_id) REFERENCES public.auth_permission(id) DEFERRABLE INITIALLY DEFERRED;


--
-- TOC entry 3654 (class 2606 OID 28167)
-- Name: auth_group_permissions auth_group_permissions_group_id_b120cbf9_fk_auth_group_id; Type: FK CONSTRAINT; Schema: public; Owner: poker_lounge_database
--

ALTER TABLE ONLY public.auth_group_permissions
    ADD CONSTRAINT auth_group_permissions_group_id_b120cbf9_fk_auth_group_id FOREIGN KEY (group_id) REFERENCES public.auth_group(id) DEFERRABLE INITIALLY DEFERRED;


--
-- TOC entry 3653 (class 2606 OID 28158)
-- Name: auth_permission auth_permission_content_type_id_2f476e4b_fk_django_co; Type: FK CONSTRAINT; Schema: public; Owner: poker_lounge_database
--

ALTER TABLE ONLY public.auth_permission
    ADD CONSTRAINT auth_permission_content_type_id_2f476e4b_fk_django_co FOREIGN KEY (content_type_id) REFERENCES public.django_content_type(id) DEFERRABLE INITIALLY DEFERRED;


--
-- TOC entry 3657 (class 2606 OID 28187)
-- Name: auth_user_groups auth_user_groups_group_id_97559544_fk_auth_group_id; Type: FK CONSTRAINT; Schema: public; Owner: poker_lounge_database
--

ALTER TABLE ONLY public.auth_user_groups
    ADD CONSTRAINT auth_user_groups_group_id_97559544_fk_auth_group_id FOREIGN KEY (group_id) REFERENCES public.auth_group(id) DEFERRABLE INITIALLY DEFERRED;


--
-- TOC entry 3656 (class 2606 OID 28182)
-- Name: auth_user_groups auth_user_groups_user_id_6a12ed8b_fk_auth_user_id; Type: FK CONSTRAINT; Schema: public; Owner: poker_lounge_database
--

ALTER TABLE ONLY public.auth_user_groups
    ADD CONSTRAINT auth_user_groups_user_id_6a12ed8b_fk_auth_user_id FOREIGN KEY (user_id) REFERENCES public.auth_user(id) DEFERRABLE INITIALLY DEFERRED;


--
-- TOC entry 3659 (class 2606 OID 28201)
-- Name: auth_user_user_permissions auth_user_user_permi_permission_id_1fbb5f2c_fk_auth_perm; Type: FK CONSTRAINT; Schema: public; Owner: poker_lounge_database
--

ALTER TABLE ONLY public.auth_user_user_permissions
    ADD CONSTRAINT auth_user_user_permi_permission_id_1fbb5f2c_fk_auth_perm FOREIGN KEY (permission_id) REFERENCES public.auth_permission(id) DEFERRABLE INITIALLY DEFERRED;


--
-- TOC entry 3658 (class 2606 OID 28196)
-- Name: auth_user_user_permissions auth_user_user_permissions_user_id_a95ead1b_fk_auth_user_id; Type: FK CONSTRAINT; Schema: public; Owner: poker_lounge_database
--

ALTER TABLE ONLY public.auth_user_user_permissions
    ADD CONSTRAINT auth_user_user_permissions_user_id_a95ead1b_fk_auth_user_id FOREIGN KEY (user_id) REFERENCES public.auth_user(id) DEFERRABLE INITIALLY DEFERRED;


--
-- TOC entry 3664 (class 2606 OID 28854)
-- Name: bookings_bookingmodel_drinks bookings_bookingmode_bookingmodel_id_69c93745_fk_bookings_; Type: FK CONSTRAINT; Schema: public; Owner: poker_lounge_database
--

ALTER TABLE ONLY public.bookings_bookingmodel_drinks
    ADD CONSTRAINT bookings_bookingmode_bookingmodel_id_69c93745_fk_bookings_ FOREIGN KEY (bookingmodel_id) REFERENCES public.bookings_bookingmodel(id) DEFERRABLE INITIALLY DEFERRED;


--
-- TOC entry 3663 (class 2606 OID 28846)
-- Name: bookings_bookingmodel bookings_bookingmode_customer_id_ccf7e7b5_fk_customers; Type: FK CONSTRAINT; Schema: public; Owner: poker_lounge_database
--

ALTER TABLE ONLY public.bookings_bookingmodel
    ADD CONSTRAINT bookings_bookingmode_customer_id_ccf7e7b5_fk_customers FOREIGN KEY (customer_id) REFERENCES public.customers_customermodel(id) DEFERRABLE INITIALLY DEFERRED;


--
-- TOC entry 3665 (class 2606 OID 28859)
-- Name: bookings_bookingmodel_drinks bookings_bookingmode_drinkmodel_id_d44fbf04_fk_menu_drin; Type: FK CONSTRAINT; Schema: public; Owner: poker_lounge_database
--

ALTER TABLE ONLY public.bookings_bookingmodel_drinks
    ADD CONSTRAINT bookings_bookingmode_drinkmodel_id_d44fbf04_fk_menu_drin FOREIGN KEY (drinkmodel_id) REFERENCES public.menu_drinkmodel(id) DEFERRABLE INITIALLY DEFERRED;


--
-- TOC entry 3660 (class 2606 OID 28217)
-- Name: django_admin_log django_admin_log_content_type_id_c4bce8eb_fk_django_co; Type: FK CONSTRAINT; Schema: public; Owner: poker_lounge_database
--

ALTER TABLE ONLY public.django_admin_log
    ADD CONSTRAINT django_admin_log_content_type_id_c4bce8eb_fk_django_co FOREIGN KEY (content_type_id) REFERENCES public.django_content_type(id) DEFERRABLE INITIALLY DEFERRED;


--
-- TOC entry 3661 (class 2606 OID 28222)
-- Name: django_admin_log django_admin_log_user_id_c564eba6_fk_auth_user_id; Type: FK CONSTRAINT; Schema: public; Owner: poker_lounge_database
--

ALTER TABLE ONLY public.django_admin_log
    ADD CONSTRAINT django_admin_log_user_id_c564eba6_fk_auth_user_id FOREIGN KEY (user_id) REFERENCES public.auth_user(id) DEFERRABLE INITIALLY DEFERRED;


--
-- TOC entry 3662 (class 2606 OID 28723)
-- Name: payments_customerpaymentmodel payments_customerpay_customer_id_9e365335_fk_customers; Type: FK CONSTRAINT; Schema: public; Owner: poker_lounge_database
--

ALTER TABLE ONLY public.payments_customerpaymentmodel
    ADD CONSTRAINT payments_customerpay_customer_id_9e365335_fk_customers FOREIGN KEY (customer_id) REFERENCES public.customers_customermodel(id) DEFERRABLE INITIALLY DEFERRED;


-- Completed on 2025-07-08 13:57:20 CEST

--
-- PostgreSQL database dump complete
--

